{"sdk_skeletons": {"Crypto.Cipher._AES": {"bin_mtime": 1522761981, "gen_version": "1.147", "status": "GENERATED"}, "Crypto.Cipher._ARC2": {"bin_mtime": 1522761981, "gen_version": "1.147", "status": "GENERATED"}, "Crypto.Cipher._ARC4": {"bin_mtime": 1522761981, "gen_version": "1.147", "status": "GENERATED"}, "Crypto.Cipher._Blowfish": {"bin_mtime": 1522761981, "gen_version": "1.147", "status": "GENERATED"}, "Crypto.Cipher._CAST": {"bin_mtime": 1522761981, "gen_version": "1.147", "status": "GENERATED"}, "Crypto.Cipher._DES": {"bin_mtime": 1522761981, "gen_version": "1.147", "status": "GENERATED"}, "Crypto.Cipher._DES3": {"bin_mtime": 1522761981, "gen_version": "1.147", "status": "GENERATED"}, "Crypto.Cipher._XOR": {"bin_mtime": 1522761981, "gen_version": "1.147", "status": "GENERATED"}, "Crypto.Hash._MD2": {"bin_mtime": 1522761981, "gen_version": "1.147", "status": "GENERATED"}, "Crypto.Hash._MD4": {"bin_mtime": 1522761981, "gen_version": "1.147", "status": "GENERATED"}, "Crypto.Hash._RIPEMD160": {"bin_mtime": 1522761981, "gen_version": "1.147", "status": "GENERATED"}, "Crypto.Hash._SHA224": {"bin_mtime": 1522761981, "gen_version": "1.147", "status": "GENERATED"}, "Crypto.Hash._SHA256": {"bin_mtime": 1522761981, "gen_version": "1.147", "status": "GENERATED"}, "Crypto.Hash._SHA384": {"bin_mtime": 1522761981, "gen_version": "1.147", "status": "GENERATED"}, "Crypto.Hash._SHA512": {"bin_mtime": 1522761981, "gen_version": "1.147", "status": "GENERATED"}, "Crypto.PublicKey._fastmath": {"bin_mtime": 1522761981, "gen_version": "1.147", "status": "GENERATED"}, "Crypto.Util._counter": {"bin_mtime": 1522761981, "gen_version": "1.147", "status": "GENERATED"}, "Crypto.Util.strxor": {"bin_mtime": 1522761981, "gen_version": "1.147", "status": "GENERATED"}, "MySQLdb._mysql": {"bin_mtime": 1641471927, "gen_version": "1.147", "status": "GENERATED"}, "PAM": {"bin_mtime": 1501822768, "gen_version": "1.147", "status": "GENERATED"}, "_ast": {"gen_version": "1.147", "status": "GENERATED"}, "_asyncio": {"bin_mtime": 1638997723, "gen_version": "1.147", "status": "GENERATED"}, "_bisect": {"gen_version": "1.147", "status": "GENERATED"}, "_blake2": {"gen_version": "1.147", "status": "GENERATED"}, "_bz2": {"bin_mtime": 1638997723, "gen_version": "1.147", "status": "GENERATED"}, "_cffi_backend": {"bin_mtime": 1519760047, "gen_version": "1.147", "status": "GENERATED"}, "_codecs": {"gen_version": "1.147", "status": "GENERATED"}, "_codecs_cn": {"bin_mtime": 1638997723, "gen_version": "1.147", "status": "GENERATED"}, "_codecs_hk": {"bin_mtime": 1638997723, "gen_version": "1.147", "status": "GENERATED"}, "_codecs_iso2022": {"bin_mtime": 1638997723, "gen_version": "1.147", "status": "GENERATED"}, "_codecs_jp": {"bin_mtime": 1638997723, "gen_version": "1.147", "status": "GENERATED"}, "_codecs_kr": {"bin_mtime": 1638997723, "gen_version": "1.147", "status": "GENERATED"}, "_codecs_tw": {"bin_mtime": 1638997723, "gen_version": "1.147", "status": "GENERATED"}, "_collections": {"gen_version": "1.147", "status": "GENERATED"}, "_crypt": {"bin_mtime": 1638997723, "gen_version": "1.147", "status": "GENERATED"}, "_csv": {"bin_mtime": 1638997723, "gen_version": "1.147", "status": "GENERATED"}, "_ctypes": {"bin_mtime": 1638997723, "gen_version": "1.147", "status": "GENERATED"}, "_ctypes_test": {"bin_mtime": 1638997723, "gen_version": "1.147", "status": "GENERATED"}, "_curses": {"bin_mtime": 1638997723, "gen_version": "1.147", "status": "GENERATED"}, "_curses_panel": {"bin_mtime": 1638997723, "gen_version": "1.147", "status": "GENERATED"}, "_datetime": {"gen_version": "1.147", "status": "GENERATED"}, "_dbm": {"bin_mtime": 1638997723, "gen_version": "1.147", "status": "GENERATED"}, "_dbus_bindings": {"bin_mtime": 1517255877, "gen_version": "1.147", "status": "GENERATED"}, "_dbus_glib_bindings": {"bin_mtime": 1517255877, "gen_version": "1.147", "status": "GENERATED"}, "_decimal": {"bin_mtime": 1638997723, "gen_version": "1.147", "status": "GENERATED"}, "_elementtree": {"gen_version": "1.147", "status": "GENERATED"}, "_functools": {"gen_version": "1.147", "status": "GENERATED"}, "_gdbm": {"bin_mtime": 1554786273, "gen_version": "1.147", "status": "GENERATED"}, "_hashlib": {"bin_mtime": 1638997723, "gen_version": "1.147", "status": "GENERATED"}, "_heapq": {"gen_version": "1.147", "status": "GENERATED"}, "_imp": {"gen_version": "1.147", "status": "GENERATED"}, "_io": {"gen_version": "1.147", "status": "GENERATED"}, "_json": {"bin_mtime": 1638997723, "gen_version": "1.147", "status": "GENERATED"}, "_locale": {"gen_version": "1.147", "status": "GENERATED"}, "_lsprof": {"bin_mtime": 1638997723, "gen_version": "1.147", "status": "GENERATED"}, "_lzma": {"bin_mtime": 1638997723, "gen_version": "1.147", "status": "GENERATED"}, "_md5": {"gen_version": "1.147", "status": "GENERATED"}, "_multibytecodec": {"bin_mtime": 1638997723, "gen_version": "1.147", "status": "GENERATED"}, "_multiprocessing": {"bin_mtime": 1638997723, "gen_version": "1.147", "status": "GENERATED"}, "_opcode": {"bin_mtime": 1638997723, "gen_version": "1.147", "status": "GENERATED"}, "_operator": {"gen_version": "1.147", "status": "GENERATED"}, "_pickle": {"gen_version": "1.147", "status": "GENERATED"}, "_posixsubprocess": {"gen_version": "1.147", "status": "GENERATED"}, "_random": {"gen_version": "1.147", "status": "GENERATED"}, "_sha1": {"gen_version": "1.147", "status": "GENERATED"}, "_sha256": {"gen_version": "1.147", "status": "GENERATED"}, "_sha3": {"gen_version": "1.147", "status": "GENERATED"}, "_sha512": {"gen_version": "1.147", "status": "GENERATED"}, "_signal": {"gen_version": "1.147", "status": "GENERATED"}, "_snack": {"bin_mtime": 1515775344, "gen_version": "1.147", "status": "GENERATED"}, "_socket": {"gen_version": "1.147", "status": "GENERATED"}, "_sqlite3": {"bin_mtime": 1638997723, "gen_version": "1.147", "status": "GENERATED"}, "_sre": {"gen_version": "1.147", "status": "GENERATED"}, "_ssl": {"bin_mtime": 1638997723, "gen_version": "1.147", "status": "GENERATED"}, "_stat": {"gen_version": "1.147", "status": "GENERATED"}, "_string": {"gen_version": "1.147", "status": "GENERATED"}, "_struct": {"gen_version": "1.147", "status": "GENERATED"}, "_symtable": {"gen_version": "1.147", "status": "GENERATED"}, "_testbuffer": {"bin_mtime": 1638997723, "gen_version": "1.147", "status": "GENERATED"}, "_testcapi": {"bin_mtime": 1638997723, "gen_version": "1.147", "status": "GENERATED"}, "_testimportmultiple": {"bin_mtime": 1638997723, "gen_version": "1.147", "status": "GENERATED"}, "_testmultiphase": {"bin_mtime": 1638997723, "gen_version": "1.147", "status": "GENERATED"}, "_thread": {"gen_version": "1.147", "status": "GENERATED"}, "_tracemalloc": {"gen_version": "1.147", "status": "GENERATED"}, "_warnings": {"gen_version": "1.147", "status": "GENERATED"}, "_weakref": {"gen_version": "1.147", "status": "GENERATED"}, "_yaml": {"bin_mtime": 1501950488, "gen_version": "1.147", "status": "GENERATED"}, "apt_inst": {"bin_mtime": 1556538555, "gen_version": "1.147", "status": "GENERATED"}, "apt_pkg": {"bin_mtime": 1556538555, "gen_version": "1.147", "status": "GENERATED"}, "array": {"gen_version": "1.147", "status": "GENERATED"}, "atexit": {"gen_version": "1.147", "status": "GENERATED"}, "audioop": {"bin_mtime": 1638997723, "gen_version": "1.147", "status": "GENERATED"}, "binascii": {"gen_version": "1.147", "status": "GENERATED"}, "builtins": {"gen_version": "1.147", "status": "GENERATED"}, "cmath": {"gen_version": "1.147", "status": "GENERATED"}, "cryptography.hazmat.bindings._constant_time": {"bin_mtime": 1545005795, "gen_version": "1.147", "status": "GENERATED"}, "cryptography.hazmat.bindings._openssl": {"bin_mtime": 1545005795, "gen_version": "1.147", "status": "GENERATED"}, "cryptography.hazmat.bindings._padding": {"bin_mtime": 1545005795, "gen_version": "1.147", "status": "GENERATED"}, "errno": {"gen_version": "1.147", "status": "GENERATED"}, "faulthandler": {"gen_version": "1.147", "status": "GENERATED"}, "fcntl": {"gen_version": "1.147", "status": "GENERATED"}, "gc": {"gen_version": "1.147", "status": "GENERATED"}, "gi._gi": {"bin_mtime": 1548765963, "gen_version": "1.147", "status": "GENERATED"}, "grp": {"gen_version": "1.147", "status": "GENERATED"}, "itertools": {"gen_version": "1.147", "status": "GENERATED"}, "marshal": {"gen_version": "1.147", "status": "GENERATED"}, "math": {"gen_version": "1.147", "status": "GENERATED"}, "mmap": {"bin_mtime": 1638997723, "gen_version": "1.147", "status": "GENERATED"}, "netifaces": {"bin_mtime": 1501829382, "gen_version": "1.147", "status": "GENERATED"}, "nis": {"bin_mtime": 1638997723, "gen_version": "1.147", "status": "GENERATED"}, "ossaudiodev": {"bin_mtime": 1638997723, "gen_version": "1.147", "status": "GENERATED"}, "parser": {"bin_mtime": 1638997723, "gen_version": "1.147", "status": "GENERATED"}, "posix": {"gen_version": "1.147", "status": "GENERATED"}, "pwd": {"gen_version": "1.147", "status": "GENERATED"}, "pyexpat": {"gen_version": "1.147", "status": "GENERATED"}, "readline": {"bin_mtime": 1638997723, "gen_version": "1.147", "status": "GENERATED"}, "resource": {"bin_mtime": 1638997723, "gen_version": "1.147", "status": "GENERATED"}, "select": {"gen_version": "1.147", "status": "GENERATED"}, "spwd": {"gen_version": "1.147", "status": "GENERATED"}, "sys": {"gen_version": "1.147", "status": "GENERATED"}, "syslog": {"gen_version": "1.147", "status": "GENERATED"}, "systemd._daemon": {"bin_mtime": 1501950484, "gen_version": "1.147", "status": "GENERATED"}, "systemd._journal": {"bin_mtime": 1501950484, "gen_version": "1.147", "status": "GENERATED"}, "systemd._reader": {"bin_mtime": 1501950484, "gen_version": "1.147", "status": "GENERATED"}, "systemd.id128": {"bin_mtime": 1501950484, "gen_version": "1.147", "status": "GENERATED"}, "systemd.login": {"bin_mtime": 1501950484, "gen_version": "1.147", "status": "GENERATED"}, "termios": {"bin_mtime": 1638997723, "gen_version": "1.147", "status": "GENERATED"}, "time": {"gen_version": "1.147", "status": "GENERATED"}, "twisted.test.raiser": {"bin_mtime": 1524264926, "gen_version": "1.147", "status": "GENERATED"}, "unicodedata": {"gen_version": "1.147", "status": "GENERATED"}, "wrapt._wrappers": {"bin_mtime": 1641616349, "gen_version": "1.147", "status": "GENERATED"}, "xxlimited": {"bin_mtime": 1638997723, "gen_version": "1.147", "status": "GENERATED"}, "xxsubtype": {"gen_version": "1.147", "status": "GENERATED"}, "zipimport": {"gen_version": "1.147", "status": "GENERATED"}, "zlib": {"gen_version": "1.147", "status": "GENERATED"}, "zope.interface._zope_interface_coptimizations": {"bin_mtime": 1501925143, "gen_version": "1.147", "status": "GENERATED"}}}